video_path,class,video_name,authenticity,caption_qwen3
/content/drive/MyDrive/Matreskas/Videos/Artistic/IMG_4783.MOV,Artistic,IMG_4783.MOV,RU,"The Matryoshka doll in the image is a vibrant red and blue set, featuring intricate floral and paisley patterns. It is a traditional Russian nesting doll, known for its ability to be stacked and opened to reveal smaller versions of itself. The doll is designed with a playful and whimsical aesthetic, often used in Russian folk art and traditional Russian culture. It is a collectible item, often given as a gift or used in celebrations like New Year's Eve."
/content/drive/MyDrive/Matreskas/Videos/Artistic/IMG_5235.MOV,Artistic,IMG_5235.MOV,RU,"The Matryoshka doll in the image is a vibrant, colorful example of a traditional Russian nesting doll. It features a green and orange floral design with intricate patterns and a small, smiling face at the top. The doll is part of a set, likely a family or group, as indicated by its size and the presence of other dolls in the background. The craftsmanship suggests it is of a specific school of Matryoshka dolls, possibly from the Russian Federation, known for its detailed and colorful designs."
/content/drive/MyDrive/Matreskas/Videos/Artistic/IMG_5237.MOV,Artistic,IMG_5237.MOV,RU,"The Matryoshka doll in the image is a vibrant, colorful example of a traditional Russian nesting doll. It features a detailed, hand-painted design with intricate patterns and figures, showcasing the craftsmanship of the Russian school of Matryoshka dolls. The doll is placed on a white base, and it is rotating, highlighting its unique design and craftsmanship."
/content/drive/MyDrive/Matreskas/Videos/Artistic/IMG_5246.MOV,Artistic,IMG_5246.MOV,RU,"The Matryoshka doll in the image is a vibrant, colorful example of a traditional Russian nesting doll. It features a playful design with a mix of bright colors and intricate patterns, typical of Russian Matryoshka dolls. The doll is placed on a white base, which is a common feature in many Matryoshka sets. The overall style is charming and nostalgic, often associated with Russian culture and craftsmanship."
/content/drive/MyDrive/Matreskas/Videos/Artistic/IMG_5247.MOV,Artistic,IMG_5247.MOV,RU,"The Matryoshka doll in the image is a vibrant, colorful example of the traditional Russian nesting doll. It features a colorful floral design and is crafted with a glossy finish. The doll is placed on a white base, and it is connected to a power outlet, suggesting it is a functional piece, possibly used as a decorative lamp or a nightlight. The overall style of the doll is reminiscent of traditional Russian folk art, with its intricate patterns and vibrant colors."
/content/drive/MyDrive/Matreskas/Videos/Artistic/IMG_5248.MOV,Artistic,IMG_5248.MOV,RU,"The Matryoshka doll in the image is a colorful, traditional Russian nesting doll, often referred to as a ""Matrioshka."" It is a set of nested dolls, with each doll inside the one above it, creating a visual and tactile experience. The doll in the image is painted with a floral pattern and features a face, which is a common characteristic of Russian Matryoshka dolls. The doll is placed on a white base, and it is rotating on a white circular base. The overall design and craftsmanship suggest it is a genuine piece of Russian Matryoshka art, likely made in Russia or inspired by Russian"
/content/drive/MyDrive/Matreskas/Videos/Artistic/IMG_5254.MOV,Artistic,IMG_5254.MOV,RU,"The Matryoshka doll in the image is a vibrant, colorful example of a traditional Russian nesting doll. It features a distinctive, stylized design with a mix of pastel colors and floral patterns. The doll is crafted with a glossy finish, giving it a polished, elegant appearance. It is part of a set of dolls, likely representing a family or a collection, as indicated by its placement on a white circular base. The overall style is reminiscent of traditional Russian folk art, with a focus on intricate detailing and vibrant colors."
/content/drive/MyDrive/Matreskas/Videos/Artistic/IMG_5255.MOV,Artistic,IMG_5255.MOV,RU,"The Matryoshka doll in the image is a vibrant, colorful example of a traditional Russian nesting doll. It features a floral design with a mix of green, blue, and pink hues, and is crafted with a glossy finish. The doll is positioned on a white circular base, which contrasts with its vibrant colors. This particular doll is part of a set, as indicated by its placement on a larger, circular base, suggesting it is part of a larger family of nesting dolls. The overall style is reminiscent of traditional Russian craftsmanship, often associated with the Matryoshka dolls of the Russian Federation."
/content/drive/MyDrive/Matreskas/Videos/Artistic/IMG_5256.MOV,Artistic,IMG_5256.MOV,RU,"The Matryoshka doll in the image is a colorful, traditional Russian nesting doll, known as a ""Matrioshka."" It is made of wood and painted with vibrant colors, including green, red, yellow, and blue. The doll is designed to be stacked, with each layer being smaller than the one beneath it, creating a captivating visual effect. The doll is placed on a white circular base, which is part of the set. The overall design and craftsmanship suggest it is a genuine piece of Russian Matryoshka art, often associated with the Russian folk art tradition."
/content/drive/MyDrive/Matreskas/Videos/Artistic/IMG_5258.MOV,Artistic,IMG_5258.MOV,RU,"The Matryoshka doll in the image is a colorful, multi-colored version of the traditional Russian nesting doll. It is a part of a set of dolls, likely a family set, known for its intricate craftsmanship and vibrant colors. The doll is designed with a circular base and a colorful top, showcasing the traditional Russian style of nesting dolls."
/content/drive/MyDrive/Matreskas/Videos/Artistic/IMG_5260.MOV,Artistic,IMG_5260.MOV,RU,"The Matryoshka doll in the image is a small, green and brown one, likely a part of a family set. It is a small, round, and colorful doll, with a traditional Russian style. The doll is likely part of a larger set, possibly a family set, given its small size and the way it is placed on a white surface. The doll's vibrant colors and traditional design suggest it might be a collectible item or a part of a cultural or historical display."
/content/drive/MyDrive/Matreskas/Videos/Artistic/IMG_5266.MOV,Artistic,IMG_5266.MOV,RU,"The Matryoshka doll in the image is a vibrant, multi-colored set of nested dolls, typically found in Russian culture. It features a traditional design with floral patterns and intricate detailing, often associated with Russian folk art. The dolls are crafted from wood and painted with bright colors, creating a festive and decorative appearance. This particular set is likely part of a larger family set, showcasing the craftsmanship and cultural significance of Matryoshka dolls."
/content/drive/MyDrive/Matreskas/Videos/Artistic/IMG_5267.MOV,Artistic,IMG_5267.MOV,RU,"The Matryoshka doll in the image is a vibrant, multi-colored set of nested dolls, typically found in Russian culture. Each doll is intricately painted with floral patterns and features a unique face, creating a captivating display. The dolls are designed to be stacked, with each layer adding more detail and color to the previous one. The craftsmanship is meticulous, with attention to detail in the floral designs and the glossy finish of the wood. This particular set is likely authentic, given the high level of detail and the traditional style of the dolls."
/content/drive/MyDrive/Matreskas/Videos/Artistic/IMG_5268.MOV,Artistic,IMG_5268.MOV,RU,"The Matryoshka doll in the image is a vibrant, multi-colored set of nested dolls, typically found in Russian culture. Each doll is intricately painted with floral patterns and features a unique face, creating a captivating visual experience. The dolls are designed to be stacked, with each layer adding more detail and color to the previous one. This particular set is likely authentic, given the detailed craftsmanship and vibrant colors."
/content/drive/MyDrive/Matreskas/Videos/Artistic/IMG_5269.MOV,Artistic,IMG_5269.MOV,RU,"The Matryoshka doll in the image is a vibrant red and gold version, featuring intricate floral patterns and a traditional Russian design. It is part of a set, likely a family or school of Matryoshka dolls, known for their intricate craftsmanship and cultural significance. The doll is designed to be a part of a larger set, often used for storytelling and entertainment."
/content/drive/MyDrive/Matreskas/Videos/Artistic/IMG_5270.MOV,Artistic,IMG_5270.MOV,RU,"The Matryoshka doll in the image is a vibrant, colorful example of a traditional Russian nesting doll. It features a red and gold design with intricate floral patterns and a small face at the top. The doll is placed on a white base, and it is spinning, showcasing its detailed craftsmanship and vibrant colors. The overall style is reminiscent of traditional Russian folk art, and it is likely part of a larger set of nesting dolls, which are often used as souvenirs or gifts."
/content/drive/MyDrive/Matreskas/Videos/Artistic/IMG_5271.MOV,Artistic,IMG_5271.MOV,RU,"The Matryoshka doll in the image is a vibrant red and gold version of a traditional Russian nesting doll. It features intricate floral patterns and a small face with detailed eyes and a nose. The doll is placed on a white circular base, and it is spinning on a white surface. The overall design and craftsmanship suggest it is a high-quality piece, likely made in Russia or inspired by Russian Matryoshka dolls."
/content/drive/MyDrive/Matreskas/Videos/Artistic/IMG_5272.MOV,Artistic,IMG_5272.MOV,RU,"The Matryoshka doll in the image is a vibrant red and gold Russian nesting doll, known as a Matryoshka. It is crafted with intricate floral patterns and features a small face at the top, which is a common characteristic of these dolls. The doll is placed on a white circular base, and it is spinning, showcasing its detailed craftsmanship and vibrant colors."
/content/drive/MyDrive/Matreskas/Videos/Artistic/IMG_5273.MOV,Artistic,IMG_5273.MOV,RU,"The Matryoshka doll in the image is a vibrant red one with a traditional Russian design, featuring colorful patterns and small, round dots. It is part of a set, likely a family or group, as indicated by its placement on a white circular base. The craftsmanship suggests a traditional Russian school, possibly from the Khokhloma region, known for its vibrant and intricate designs. The doll's red color and the traditional patterns are characteristic of Russian Matryoshka dolls, which are often used as souvenirs or gifts."
/content/drive/MyDrive/Matreskas/Videos/Artistic/IMG_5274.MOV,Artistic,IMG_5274.MOV,RU,"The Matryoshka doll in the image is a vibrant red and multicolored set, featuring a traditional Russian nesting doll style. It is adorned with intricate patterns and colorful dots, giving it a festive and decorative appearance. The doll is placed on a white surface, and its design suggests it is part of a larger set, possibly a family or school of Matryoshka dolls, known for their intricate craftsmanship and cultural significance in Russia."
/content/drive/MyDrive/Matreskas/Videos/Artistic/IMG_5275.MOV,Artistic,IMG_5275.MOV,RU,"The Matryoshka doll in the video is a traditional Russian nesting doll, known as a ""Matrioshka."" It is crafted from wood and features a vibrant red and black design with intricate patterns. The doll is spinning on a white circular base, showcasing its intricate craftsmanship and vibrant colors."
/content/drive/MyDrive/Matreskas/Videos/Artistic/IMG_5277.mov,Artistic,IMG_5277.mov,RU,"The Matryoshka doll in the video is a small, colorful, and intricately designed doll. It is made of wood and has a traditional Russian style, characterized by its small size and detailed craftsmanship. The doll is placed on a white surface, and its vibrant colors and intricate patterns make it stand out. The doll is a part of a larger set, but its unique design and craftsmanship make it a standout member of the group."
/content/drive/MyDrive/Matreskas/Videos/Drafted/IMG_5097.mov,Drafted,IMG_5097.mov,unknown,"The Matryoshka doll in the video is a traditional Russian nesting doll, known as a Matryoshka. It is a set of dolls that are stacked inside each other, with each doll being smaller than the one beneath it. The doll in the video is yellow with a red top and has a face drawn on it. It is a part of a larger set of dolls, which are typically used for storytelling and entertainment. The dolls are made of wood and are often painted with intricate designs and patterns. The Matryoshka dolls are a symbol of Russian culture and are often used in traditional Russian folk art."
/content/drive/MyDrive/Matreskas/Videos/Drafted/IMG_5098.mov,Drafted,IMG_5098.mov,unknown,"The Matryoshka doll in the video is a vibrant yellow with red and green accents, featuring a traditional Russian nesting doll design. It has a round base and a small head with a smiling face, surrounded by a floral pattern. The doll is placed on a white circular base, and it is connected to a wall socket, which is visible in the background. The overall style is reminiscent of traditional Russian nesting dolls, which are often used as souvenirs or decorative items."
/content/drive/MyDrive/Matreskas/Videos/Drafted/IMG_5099.mov,Drafted,IMG_5099.mov,unknown,"The Matryoshka doll in the video is a traditional Russian toy known as a nested doll. It is a set of dolls that are made by stacking smaller dolls inside a larger one. The doll in the video is yellow with red and black patterns, and it is placed on a white circular base. The doll is turned on and off, and its features are visible as it turns."
/content/drive/MyDrive/Matreskas/Videos/Drafted/IMG_5102.MOV,Drafted,IMG_5102.MOV,unknown,"The Matryoshka doll in the image is a yellow one with a distinctive polka dot pattern and a small face. It is part of a set, likely a family, as indicated by its placement on a circular base. The style is traditional, with intricate detailing and a vibrant color palette. The doll's placement suggests it is part of a larger set, possibly a family heirloom or a collection."
/content/drive/MyDrive/Matreskas/Videos/Drafted/IMG_5103.MOV,Drafted,IMG_5103.MOV,unknown,"The Matryoshka doll in the image is a traditional Russian nesting doll, known as a Matryoshka. It is a set of nested dolls, each smaller than the one inside, with a unique design and color scheme. The doll in the image is painted with a smiley face and red eyes, and it is placed on a white circular base. The overall style is vibrant and colorful, with a playful and whimsical design. The doll is likely part of a larger set, as it is nested within another doll, indicating it is a part of a family or school of Matryoshka craftsmanship."
/content/drive/MyDrive/Matreskas/Videos/Drafted/IMG_5105.MOV,Drafted,IMG_5105.MOV,unknown,"The Matryoshka doll in the image is a small, colorful, and intricately designed wooden toy. It is part of a set of dolls, known as a ""Matrioshka"" or ""Russian nesting doll."" The doll is painted with a smiley face and has a traditional Russian style, often associated with the region of St. Petersburg. The doll is placed on a white circular base, which is part of the set. The overall design and craftsmanship suggest it is a genuine piece of Russian Matryoshka art, likely made by a skilled artisan."
/content/drive/MyDrive/Matreskas/Videos/Drafted/IMG_5106.MOV,Drafted,IMG_5106.MOV,unknown,"The Matryoshka doll in the image is a small, intricately crafted figure with a round head and a long, slender neck. It is adorned with a red and gold pattern, and its small size suggests it is part of a family set. The doll is positioned on a white circular base, which is part of a larger set of Matryoshka dolls. The overall style is traditional, with a focus on detailed craftsmanship and vibrant colors."
/content/drive/MyDrive/Matreskas/Videos/Drafted/IMG_5108.MOV,Drafted,IMG_5108.MOV,unknown,"The Matryoshka doll in the image is a traditional Russian nesting doll, known as a Matryoshka. It is made of wood and painted with vibrant colors. The doll is positioned on a white circular base, and it features a smiling face with detailed features. The doll is spinning on its base, showcasing its intricate craftsmanship and vibrant colors."
/content/drive/MyDrive/Matreskas/Videos/Drafted/IMG_5143.MOV,Drafted,IMG_5143.MOV,unknown,"The Matryoshka doll in the image is a vibrant red and yellow example, featuring a traditional Russian design with intricate patterns and a red top. It is part of a set, likely a family or group, as indicated by its placement on a white circular base. The doll's design suggests it is from the Russian school of Matryoshka craftsmanship, known for its intricate detailing and vibrant colors."
/content/drive/MyDrive/Matreskas/Videos/Drafted/IMG_5144.MOV,Drafted,IMG_5144.MOV,unknown,"The Matryoshka doll in the image is a vibrant example of traditional Russian folk art. It features a colorful design with a red and yellow base, adorned with intricate patterns and a face that appears to be a stylized representation of a woman. The doll is crafted with a wooden texture and is mounted on a white circular base, which adds to its traditional aesthetic. This particular doll is part of a set, as indicated by the presence of other dolls in the background, suggesting it is part of a larger collection. The craftsmanship and vibrant colors make it a notable piece in the Russian folk art tradition."
/content/drive/MyDrive/Matreskas/Videos/Drafted/IMG_5145.MOV,Drafted,IMG_5145.MOV,unknown,"The Matryoshka doll in the image is a traditional Russian nesting doll, known as a ""Matrioshka."" It is a popular toy and is often used in cultural performances and as a symbol of Russian culture. The doll in the image is a small, colorful version, with a yellow head and red body, and it is placed on a white circular base."
/content/drive/MyDrive/Matreskas/Videos/Drafted/IMG_5146.MOV,Drafted,IMG_5146.MOV,unknown,"The Matryoshka doll in the image is a traditional Russian nesting doll, known as a Matryoshka. It is made of glass and features a yellow and red color scheme with intricate patterns. The doll is designed to be a part of a larger set, which typically includes multiple dolls nested inside each other, each with a different face and style. The dolls are often used as souvenirs or collectibles, representing the cultural heritage of Russia."
/content/drive/MyDrive/Matreskas/Videos/Drafted/IMG_5147.MOV,Drafted,IMG_5147.MOV,unknown,"The Matryoshka doll in the image is a small, colorful, and intricately designed doll, likely part of a family set. It features a red and yellow color scheme with a traditional Russian style, suggesting it might be from the Russian school of Matryoshka craftsmanship. The doll is positioned on a white circular base, which is part of the set, and it appears to be spinning or moving, indicating it might be a part of a larger set or a display item."
/content/drive/MyDrive/Matreskas/Videos/Drafted/IMG_5148.MOV,Drafted,IMG_5148.MOV,unknown,"The Matryoshka doll in the image is a small, colorful, and intricately designed doll. It is placed on a white, circular base, and the doll itself is adorned with vibrant colors, including red and yellow. The doll's design suggests it is from a specific school of Matryoshka craftsmanship, possibly Russian, known for its detailed and colorful representations of everyday objects. The doll's small size and intricate details make it a charming addition to any collection."
/content/drive/MyDrive/Matreskas/Videos/Drafted/IMG_5191.MOV,Drafted,IMG_5191.MOV,unknown,"The Matryoshka doll in the image is a vibrant red and yellow Russian nesting doll, known for its intricate patterns and vibrant colors. It is part of a set of dolls, which are typically crafted in Russia and are known for their detailed craftsmanship and vibrant colors. The doll is designed to be stacked, with each doll inside the one above it, creating a unique and captivating display."
/content/drive/MyDrive/Matreskas/Videos/Drafted/IMG_5289.MOV,Drafted,IMG_5289.MOV,unknown,"The Matryoshka doll in the image is a vibrant, multi-colored set of nested dolls, typically found in Russian culture. It features a yellow head with red and black accents, and a purple body with floral patterns. The dolls are crafted with a traditional Russian style, often used as a decorative item or as part of a larger set. The doll is placed on a white base, and the lighting highlights its intricate details and vibrant colors."
/content/drive/MyDrive/Matreskas/Videos/Merchandise/IMG_5212.MOV,Merchandise,IMG_5212.MOV,non-RU,"The Matryoshka doll in the image is a traditional Russian nesting doll, known as a ""Matrioshka."" It is painted in a vibrant blue color with intricate floral patterns and depicts a scene with a bird and a fish. The doll is mounted on a white circular base, which is a common feature in Russian nesting dolls. The overall design and craftsmanship suggest it is a high-quality piece, likely made by a skilled artisan."
/content/drive/MyDrive/Matreskas/Videos/Merchandise/IMG_5213.MOV,Merchandise,IMG_5213.MOV,non-RU,"The Matryoshka doll in the image is a traditional Russian nesting doll, known as a ""Matrioshka."" It is crafted from wood and painted with intricate designs, predominantly in blue and white. The doll features a blue and white floral pattern, and its head is adorned with a yellow ribbon. It is a part of a larger set, which includes several other dolls, each nested inside the other. The dolls are typically used as souvenirs or gifts, often representing the Russian culture and history."
/content/drive/MyDrive/Matreskas/Videos/Merchandise/IMG_5214.MOV,Merchandise,IMG_5214.MOV,non-RU,"The Matryoshka doll in the image is a traditional Russian nesting doll, known as a ""Matrioshka."" It is crafted from wood and painted in vibrant colors, featuring intricate patterns and designs. The doll is blue with white floral motifs and is placed on a white circular base. It is a part of a larger set of dolls, which are typically used in Russian folk art and are often given as gifts during celebrations. The doll's design and craftsmanship suggest it is of high quality and authentic, reflecting the cultural significance of Matryoshka dolls in Russian folklore and art."
/content/drive/MyDrive/Matreskas/Videos/Merchandise/IMG_5215.MOV,Merchandise,IMG_5215.MOV,non-RU,"The Matryoshka doll in the image is a small, intricately painted blue and white Russian nesting doll. It is placed on a white circular base, which is connected to a power outlet. The doll features a traditional Russian design with a blue background and intricate patterns, including a face with a smile and a decorative border. The overall style is reminiscent of traditional Russian folk art, and the doll is likely part of a larger set of nesting dolls, which are often used as souvenirs or collectibles."
/content/drive/MyDrive/Matreskas/Videos/Merchandise/IMG_5221.MOV,Merchandise,IMG_5221.MOV,non-RU,"The Matryoshka doll in the image is a traditional Russian toy known as a ""Matrioshka."" It is a set of nested dolls, each smaller than the one inside, with intricate patterns and vibrant colors. The doll in the image is painted blue with white designs, and it is placed on a white base. The overall design suggests a traditional Russian style, often associated with the region's cultural heritage."
/content/drive/MyDrive/Matreskas/Videos/Merchandise/IMG_5222.MOV,Merchandise,IMG_5222.MOV,non-RU,"The Matryoshka doll in the image is a traditional Russian toy known as a ""Matrioshka."" It is a set of nested dolls, each smaller than the one inside, with intricate patterns and vibrant colors. The blue and white design on this particular doll suggests it might be from a specific school of Matryoshka craftsmanship, possibly from the Russian North. The doll is spinning, showcasing its detailed craftsmanship and the intricate patterns that make up its design."
/content/drive/MyDrive/Matreskas/Videos/Merchandise/IMG_5224.MOV,Merchandise,IMG_5224.MOV,non-RU,"The Matryoshka doll in the image is a small, intricately painted blue and white porcelain piece. It features a stylized, floral design with a yellow sun motif, which is characteristic of traditional Russian Matryoshka dolls. These dolls are known for their intricate detailing and vibrant colors, often depicting scenes from Russian folklore or mythology. The doll is mounted on a white base, which is a common feature in many Matryoshka sets."
/content/drive/MyDrive/Matreskas/Videos/Merchandise/IMG_5226.MOV,Merchandise,IMG_5226.MOV,non-RU,"The Matryoshka doll in the image is a small, intricately designed toy that resembles a traditional Russian doll. It is made of porcelain and painted with a blue and white pattern. The doll is placed on a white base and is spinning, showcasing its intricate details and craftsmanship. The overall design suggests it is a part of a family set, likely inspired by Russian culture and traditions."
/content/drive/MyDrive/Matreskas/Videos/Merchandise/IMG_5227.MOV,Merchandise,IMG_5227.MOV,non-RU,"The Matryoshka doll in the image is a small, intricately designed blue and white Russian nesting doll. It is part of a set, likely a family or school of Matryoshka dolls, known for their intricate craftsmanship and vibrant colors. The doll is crafted with a traditional Russian style, featuring a blue top with white patterns and a yellow face. It is mounted on a white base, and the overall design suggests it is a collectible item, often used in Russian culture for its aesthetic appeal and sentimental value."
/content/drive/MyDrive/Matreskas/Videos/Merchandise/IMG_5228.MOV,Merchandise,IMG_5228.MOV,non-RU,"The Matryoshka doll in the image is a small, colorful, and intricately designed version of the traditional Russian Matryoshka doll. It is a part of a family set, which typically includes several dolls of varying sizes, each nested inside the other. The doll in the image is small and has a vibrant design, likely inspired by traditional Russian folk art. It is a representative of the Russian school of Matryoshka craftsmanship, known for its intricate detailing and vibrant colors."
/content/drive/MyDrive/Matreskas/Videos/Merchandise/IMG_5229.MOV,Merchandise,IMG_5229.MOV,non-RU,"The Matryoshka doll in the image is a small, round, and white, with a blue and yellow pattern on its top. It is a part of a family set of dolls, which are known for their intricate craftsmanship and cultural significance in Russia. The dolls are typically made from wood and are known for their ability to open and close, revealing smaller dolls inside. The specific style and craftsmanship of this particular doll suggest it might be from a school of Matryoshka dolls known for its detailed and traditional design."
/content/drive/MyDrive/Matreskas/Videos/Merchandise/IMG_5230.MOV,Merchandise,IMG_5230.MOV,non-RU,"The Matryoshka doll in the image is a small, round, white wooden box with a blue and yellow button on top. It is part of a family set of dolls, which are known for their intricate craftsmanship and vibrant colors. The dolls are typically made in Russia and are often used in cultural performances and as souvenirs."
/content/drive/MyDrive/Matreskas/Videos/Merchandise/IMG_5232.MOV,Merchandise,IMG_5232.MOV,non-RU,"The Matryoshka doll in the image is a small, round, and colorful one, likely from the Russian school of Matryoshka dolls. It features a blue and yellow pattern with a yellow face, and it is placed on a white surface. The doll is small and delicate, with a simple design that is characteristic of the Russian style."
/content/drive/MyDrive/Matreskas/Videos/Non-Matreskas/IMG_5132.MOV,Non-Matreskas,IMG_5132.MOV,RU,"The Matryoshka doll in the image is a colorful, wooden toy with a traditional Russian design. It features a small head with a purple hat and a body that gradually increases in size as it moves away from the viewer. The doll is placed on a white base, and it is rotating on a stand. The overall style is reminiscent of traditional Russian dolls, which are often used as souvenirs or gifts. The doll's vibrant colors and intricate details suggest it is a high-quality piece, likely made by a skilled artisan."
/content/drive/MyDrive/Matreskas/Videos/Non-Matreskas/IMG_5149.MOV,Non-Matreskas,IMG_5149.MOV,RU,"The Matryoshka doll in the image is a traditional Russian toy known as a ""Matrioshka."" It is a set of nested dolls, each smaller than the one inside, with intricate hand-painted designs. The doll in the image is painted with a floral pattern and features a small face, which is a common characteristic of Matryoshka dolls. The doll is mounted on a white base, and the overall design suggests it is part of a larger set, possibly a family or a collection of dolls."
/content/drive/MyDrive/Matreskas/Videos/Non-Matreskas/IMG_5284.MOV,Non-Matreskas,IMG_5284.MOV,RU,"The Matryoshka doll in the image is a colorful, wooden toy known as a kokeshi. It features a red cap and a painted face with expressive eyes and a smile. The doll is part of a set, as indicated by the presence of other dolls in the background. The style is traditional, with intricate detailing and a focus on the doll's facial features. The craftsmanship suggests it is from a specific school of Matryoshka dolls, possibly from Japan or Russia, known for their detailed and colorful designs."
/content/drive/MyDrive/Matreskas/Videos/Non-Matreskas/IMG_5296.MOV,Non-Matreskas,IMG_5296.MOV,RU,"The Matryoshka doll in the image is a vibrant red and gold Russian nesting doll, known as a Matryoshka. It features intricate floral and geometric designs, with a golden top and a red base. The doll is crafted with a traditional Russian style, often associated with the Khokhloma school of painting. It is a part of a larger set, likely a family or group of dolls, given its placement on a rotating stand. The doll's design and craftsmanship suggest it is authentic and part of a cultural tradition."
/content/drive/MyDrive/Matreskas/Videos/Non-Matreskas/IMG_5297.MOV,Non-Matreskas,IMG_5297.MOV,RU,"The Matryoshka doll in the image is a vibrant red one with a traditional Russian design. It features a colorful pattern with flowers and leaves, and it is adorned with gold accents. The doll is part of a set, as indicated by the presence of other dolls in the background. The craftsmanship suggests a school of Matryoshka dolls known for their intricate details and vibrant colors, often associated with Russian culture."
/content/drive/MyDrive/Matreskas/Videos/Non-Matreskas/IMG_5378.MOV,Non-Matreskas,IMG_5378.MOV,non-RU,"The Matryoshka doll in the image is a vibrant yellow egg-shaped one, adorned with colorful floral patterns. It is part of a set of dolls, likely a family set, given its distinctive design and the presence of other similar eggs in the background. The style is reminiscent of traditional Russian Matryoshka dolls, known for their intricate detailing and vibrant colors. The doll's design suggests it might be from a specific school of Matryoshka craftsmanship, possibly from Russia or Eastern Europe, where such dolls are highly valued for their artistic and cultural significance."
/content/drive/MyDrive/Matreskas/Videos/Non-Matreskas/IMG_5380.MOV,Non-Matreskas,IMG_5380.MOV,non-RU,"The Matryoshka doll in the image is a small, colorful, and intricately designed doll. It is part of a set of dolls, likely a family set, given its similar style and design. The doll is painted with a floral pattern and has a light blue background with vibrant colors. It is a small, elegant piece that could be used as a decorative item or a collectible."
/content/drive/MyDrive/Matreskas/Videos/Non-Matreskas/IMG_5383.MOV,Non-Matreskas,IMG_5383.MOV,non-RU,"The Matryoshka doll in the image is a small, yellow egg-shaped doll with a floral design on it. It is part of a set of dolls, likely a family set, given its size and the presence of other similar dolls in the background. The style is traditional, with a focus on intricate detailing and a vibrant color palette. The doll is likely made in Russia, a country known for its rich tradition in Matryoshka doll-making."
/content/drive/MyDrive/Matreskas/Videos/Non-Matreskas/IMG_5389.MOV,Non-Matreskas,IMG_5389.MOV,non-RU,"The Matryoshka doll in the image is a small, colorful, and intricately designed toy. It features a blue body with red and black patterns and is positioned against a white background. The doll is spinning on a white surface, and its design suggests it is part of a family set, possibly from a specific school of Matryoshka craftsmanship. The overall style is traditional, with a focus on detailed craftsmanship and vibrant colors."
/content/drive/MyDrive/Matreskas/Videos/Non-Matreskas/IMG_5392.MOV,Non-Matreskas,IMG_5392.MOV,RU,"The Matryoshka doll in the image is a part of a family set, featuring a vibrant, multi-colored design with intricate patterns and a glossy finish. It is a traditional Russian style, known for its intricate detailing and vibrant colors. The doll is designed to be a part of a larger set, showcasing the craftsmanship and cultural heritage of Russian Matryoshka dolls."
/content/drive/MyDrive/Matreskas/Videos/Non-Matreskas/IMG_5395.MOV,Non-Matreskas,IMG_5395.MOV,RU,"The Matryoshka doll in the image is a traditional Russian toy known as a ""Sestroretsk"" or ""Sestroretskaya"" doll. It is a small, handcrafted wooden egg-shaped toy that is filled with smaller dolls, each representing a different stage of a woman's life. The doll in the image is a ""Sestroretskaya"" doll, which is a type of Matryoshka doll that is often associated with the Sestroretsk region in Russia. The doll is painted with intricate details, including a church and other religious symbols, and is made from wood with a glossy finish."
/content/drive/MyDrive/Matreskas/Videos/Non-Matreskas/IMG_5399.MOV,Non-Matreskas,IMG_5399.MOV,RU,"The Matryoshka doll in the image is a traditional Russian style, characterized by its intricate, symmetrical design and vibrant colors. It features a golden and black pattern with floral motifs, and it is placed on a white circular base. The doll is a part of a larger set, which includes other dolls with similar designs, suggesting it is part of a family or collection. The craftsmanship indicates a high level of detail and skill, typical of Russian Matryoshka dolls, which are known for their intricate patterns and vibrant colors."
/content/drive/MyDrive/Matreskas/Videos/Non-authentic/IMG_5095.MOV,Non-authentic,IMG_5095.MOV,non-RU,"The Matryoshka doll in the image is a vibrant blue one with a red pom-pom on top. It features a yellow face with red hair and blue eyes, and it is adorned with yellow zigzag patterns. The doll is placed on a white base, and it is rotating on a stand. The overall style is playful and whimsical, with a focus on bright colors and playful designs. It is a traditional Russian Matryoshka doll, which is known for its intricate craftsmanship and vibrant colors."
/content/drive/MyDrive/Matreskas/Videos/Non-authentic/IMG_5124.MOV,Non-authentic,IMG_5124.MOV,non-RU,"The Matryoshka doll in the image is a part of a family set, characterized by its vibrant colors and intricate details. It features a traditional Russian design, with a green top and a yellow bottom, and is adorned with various figures and patterns. The doll is placed on a white base, and it is rotating, showcasing its unique design and craftsmanship."
/content/drive/MyDrive/Matreskas/Videos/Non-authentic/IMG_5126.MOV,Non-authentic,IMG_5126.MOV,non-RU,"The Matryoshka doll in the image is a traditional Russian nesting doll, known as a Matryoshka. It is a set of nested dolls, each smaller than the one inside, with a unique design and color scheme. The doll in the image is a small, dark brown one with a black and red pattern, and it is placed on a white base. The overall style is reminiscent of the Russian folk art, with intricate detailing and a sense of depth."
/content/drive/MyDrive/Matreskas/Videos/Non-authentic/IMG_5127.MOV,Non-authentic,IMG_5127.MOV,non-RU,"The Matryoshka doll in the image is a colorful, traditional Russian Matryoshka doll, known for its intricate details and vibrant colors. It is part of a set of dolls, which are typically made in Russia and are known for their intricate craftsmanship and cultural significance. The doll in the image is a small, colorful figure with a traditional Russian design, likely representing a character from Russian folklore or mythology."
/content/drive/MyDrive/Matreskas/Videos/Non-authentic/IMG_5130.MOV,Non-authentic,IMG_5130.MOV,non-RU,"The Matryoshka doll in the image is a part of a set, likely a family set, known as the ""Russian Nesting Dolls."" It is a traditional Russian toy that features a colorful, intricate design with a black and red pattern. The doll is spinning on a white base, which is part of the set. The overall style is reminiscent of traditional Russian folk art, and the craftsmanship suggests it is a high-quality, authentic piece."
/content/drive/MyDrive/Matreskas/Videos/Non-authentic/IMG_5131.MOV,Non-authentic,IMG_5131.MOV,non-RU,"The Matryoshka doll in the image is a part of a larger set, likely a family set, given its traditional and ornate design. It features a green and brown color scheme with intricate patterns and a small face at the top. The doll is placed on a white circular base, which is part of a larger set that includes other dolls with similar designs. The overall style is reminiscent of Russian folk art, with a focus on detailed craftsmanship and vibrant colors."
/content/drive/MyDrive/Matreskas/Videos/Non-authentic/IMG_5136.MOV,Non-authentic,IMG_5136.MOV,non-RU,"The Matryoshka doll in the image is a vibrant, colorful example of a traditional Russian nesting doll. It features a red and blue pattern with yellow and black accents, and is adorned with small, round, and circular designs. The doll is crafted with a glossy finish, giving it a shiny appearance. It is positioned on a white circular base, which is part of the set. The overall design and craftsmanship suggest it is a high-quality piece, likely made by a skilled artisan."
/content/drive/MyDrive/Matreskas/Videos/Non-authentic/IMG_5137.MOV,Non-authentic,IMG_5137.MOV,non-RU,"The Matryoshka doll in the image is a traditional Russian nesting doll, known as a Matryoshka. It is made of wood and painted with vibrant colors, featuring a face with detailed features and a traditional Russian design. The doll is positioned on a white circular base, which is part of the set. The overall style is reminiscent of the Russian nesting doll tradition, which originated in the 19th century and is still popular in Russia and other Eastern European countries."
/content/drive/MyDrive/Matreskas/Videos/Non-authentic/IMG_5139.MOV,Non-authentic,IMG_5139.MOV,non-RU,"The Matryoshka doll in the image is a small, traditional Russian nesting doll, known as a Matryoshka. It is made of wood and painted in vibrant colors, featuring a yellow head with black eyes and a red nose. The doll is placed on a white circular base, and it is the smallest member of the set, with the other dolls nested inside it. The overall style is reminiscent of the Russian doll tradition, which originated in the 19th century and is still popular in Russia and other Eastern European countries."
/content/drive/MyDrive/Matreskas/Videos/Non-authentic/IMG_5142.MOV,Non-authentic,IMG_5142.MOV,non-RU,"The Matryoshka doll in the image is a small, round, white, and black Matryoshka, which is a traditional Russian doll. It is a part of a family set, as indicated by its inclusion in a larger group of dolls. The doll is designed with a simple, elegant style, and its black and white color scheme adds to its classic appearance. The doll's small size and intricate details suggest it is a high-quality piece, likely made by a skilled artisan."
/content/drive/MyDrive/Matreskas/Videos/Non-authentic/IMG_5182.MOV,Non-authentic,IMG_5182.MOV,non-RU,"The Matryoshka doll in the image is a part of a family set, characterized by its intricate black and white patterns and traditional Russian design. It is a small, round, and cylindrical shape, with a face painted in a traditional style. The doll is placed on a white base, and it is connected to a wall socket, indicating it is part of a larger set that includes other dolls. The overall design and craftsmanship suggest it is a genuine piece of Russian Matryoshka art, likely created by a skilled artisan."
/content/drive/MyDrive/Matreskas/Videos/Non-authentic/IMG_5184.MOV,Non-authentic,IMG_5184.MOV,non-RU,"The Matryoshka doll in the image is a part of a family set, characterized by its intricate design and vibrant colors. It features a black and white pattern with a traditional Russian aesthetic, reminiscent of the Matryoshka dolls from Russia. The doll is designed with a distinct face and is placed on a white base, which is a common feature in many Matryoshka sets. The overall style is classic and timeless, reflecting the cultural heritage of Russian folk art."
/content/drive/MyDrive/Matreskas/Videos/Non-authentic/IMG_5185.MOV,Non-authentic,IMG_5185.MOV,non-RU,"The Matryoshka doll in the image is a small, intricately designed toy known as a ""Matrioshka"" or ""Russian nesting doll."" It is typically made from wood and painted in vibrant colors. The doll in the image has a black and white patterned head, with a small face and a black hat. It is part of a set of dolls, which are often used as souvenirs or gifts. The craftsmanship suggests it is of a specific school of Matryoshka dolls, possibly from Russia or Eastern Europe, known for their detailed and colorful designs."
/content/drive/MyDrive/Matreskas/Videos/Non-authentic/IMG_5194.MOV,Non-authentic,IMG_5194.MOV,non-RU,"The Matryoshka doll in the image is a vibrant example of traditional Russian folk art. It features a colorful design with floral patterns and is crafted from wood. The doll is intricately painted and has a distinctive shape, with a small head, a larger torso, and a smaller bottom. The craftsmanship is meticulous, and the doll is designed to be both functional and decorative, often used as a toy or a decorative piece."
/content/drive/MyDrive/Matreskas/Videos/Non-authentic/IMG_5195.MOV,Non-authentic,IMG_5195.MOV,non-RU,"The Matryoshka doll in the image is a vibrant example of traditional Russian folk art. It features a colorful design with a red base and intricate floral patterns, adorned with black and white polka dots. The doll is crafted with a glossy finish, giving it a polished and elegant appearance. It is positioned on a white circular base, which contrasts with the vibrant colors of the doll, making it stand out prominently. The overall style of the Matryoshka doll is reminiscent of the Russian Nesting Dolls, which are known for their intricate designs and vibrant colors."
/content/drive/MyDrive/Matreskas/Videos/Non-authentic/IMG_5196.MOV,Non-authentic,IMG_5196.MOV,non-RU,"The Matryoshka doll in the image is a vibrant, multi-colored version of the traditional Russian nesting doll. It features a black base with a floral pattern and is adorned with various colors, including red, green, and white. The doll is designed to be a part of a larger set, likely representing a family or a group of dolls, as indicated by its placement on a circular base. The craftsmanship suggests a traditional Russian school of Matryoshka dolls, known for their intricate detailing and vibrant colors."
/content/drive/MyDrive/Matreskas/Videos/Non-authentic/IMG_5197.MOV,Non-authentic,IMG_5197.MOV,non-RU,"The Matryoshka doll in the image is a vibrant example of traditional Russian nesting dolls, known as Matryoshka. It features a colorful floral design with a black background, adorned with white polka dots and intricate patterns. The doll is crafted with a glossy finish, giving it a polished and elegant appearance. The design is reminiscent of the traditional Russian nesting dolls, which are often used as souvenirs or gifts, symbolizing the concept of ""inside"" and ""outside"" in Russian culture."
/content/drive/MyDrive/Matreskas/Videos/Non-authentic/IMG_5198.MOV,Non-authentic,IMG_5198.MOV,non-RU,"The Matryoshka doll in the image is a vibrant example of traditional Russian folk art. It features a colorful floral design with a black background, adorned with intricate patterns and vibrant colors. The doll is intricately crafted, with each layer adding more detail and complexity, creating a captivating visual experience. The craftsmanship suggests it is a high-quality piece, likely made by a skilled artisan."
/content/drive/MyDrive/Matreskas/Videos/Non-authentic/IMG_5199.MOV,Non-authentic,IMG_5199.MOV,non-RU,"The Matryoshka doll in the image is a traditional Russian nesting doll, known as a ""Matrioshka."" It is a set of nested dolls, each smaller than the one inside, with a unique design and color scheme. The doll in the image has a black background with colorful floral patterns and a face, which is a common feature in many Matryoshka dolls. The doll is mounted on a white base, and it is rotating, showcasing its intricate details. The overall design and craftsmanship suggest it is a high-quality piece, likely made by a skilled artisan."
/content/drive/MyDrive/Matreskas/Videos/Non-authentic/IMG_5202.MOV,Non-authentic,IMG_5202.MOV,non-RU,"The Matryoshka doll in the image is a vibrant green and black one, adorned with colorful floral patterns and intricate designs. It is part of a larger set, likely a family or group, given its similar style and design elements. The doll is placed on a white surface, and its placement suggests it is part of a larger arrangement, possibly on a table or shelf. The overall aesthetic is traditional and ornate, indicative of Russian Matryoshka dolls, which are known for their intricate craftsmanship and vibrant colors."
/content/drive/MyDrive/Matreskas/Videos/Non-authentic/IMG_5204.MOV,Non-authentic,IMG_5204.MOV,non-RU,"The Matryoshka doll in the image is a vibrant orange with a playful lion design, featuring a yellow face and striped patterns. It is part of a set, likely a family, as indicated by its similar design and style. The overall aesthetic suggests a traditional Russian school of Matryoshka craftsmanship, characterized by intricate details and vibrant colors."
/content/drive/MyDrive/Matreskas/Videos/Non-authentic/IMG_5205.MOV,Non-authentic,IMG_5205.MOV,non-RU,"The Matryoshka doll in the image is a vibrant orange with black and yellow stripes, featuring a playful tiger design. It is part of a set, likely a family, as indicated by its distinctive appearance and the presence of other similar dolls in the background. The style is reminiscent of traditional Russian Matryoshka dolls, which are known for their intricate detailing and vibrant colors. The tiger design suggests a playful and whimsical theme, often associated with children's toys."
/content/drive/MyDrive/Matreskas/Videos/Non-authentic/IMG_5206.MOV,Non-authentic,IMG_5206.MOV,non-RU,"The red Matryoshka doll in the image is a small, decorative item, likely part of a family set. It features a traditional Russian style with a red body adorned with floral patterns and a small, round head. The doll is designed to be placed on a stand, as indicated by the white base it rests on. The overall design suggests it is a collectible item, possibly used in Russian folk art or as a decorative piece in a home."
/content/drive/MyDrive/Matreskas/Videos/Non-authentic/IMG_5216.MOV,Non-authentic,IMG_5216.MOV,non-RU,"The Matryoshka doll in the image is a vibrant red one with intricate white patterns, featuring a traditional Russian design. It is part of a set, likely a family or a set of dolls, given its consistent design and the presence of other similar dolls in the background. The style is reminiscent of traditional Russian folk art, with a focus on intricate detailing and vibrant colors."
/content/drive/MyDrive/Matreskas/Videos/Non-authentic/IMG_5217.MOV,Non-authentic,IMG_5217.MOV,non-RU,"The Matryoshka doll in the image is a small, intricately painted blue one with a floral design. It is part of a set of dolls, likely a family set, given its size and the presence of other dolls in the background. The style is traditional, with detailed craftsmanship and vibrant colors. The doll is placed on a white surface, possibly a table or shelf, and is connected to a wall socket."
/content/drive/MyDrive/Matreskas/Videos/Non-authentic/IMG_5218.MOV,Non-authentic,IMG_5218.MOV,non-RU,"The Matryoshka doll in the image is a small, intricately designed toy known as a ""Russian nesting doll."" It is part of a family set, which typically includes several dolls of varying sizes, each nested inside the other. The doll in the image is orange with a floral pattern and green accents, and it is placed on a white base. The overall style is traditional, with a focus on detailed craftsmanship and vibrant colors. The doll is likely made in Russia, a country known for its rich tradition in Matryoshka doll-making."
/content/drive/MyDrive/Matreskas/Videos/Non-authentic/IMG_5219.MOV,Non-authentic,IMG_5219.MOV,non-RU,"The Matryoshka doll in the image is a green one with a floral pattern, standing upright on a white base. It is part of a set of dolls, which are typically made in Russia and are known for their intricate craftsmanship. The doll's design suggests it might be from a specific school of Matryoshka art, possibly from the Russian Federation or another region known for its traditional doll-making traditions."
/content/drive/MyDrive/Matreskas/Videos/Non-authentic/IMG_5220.MOV,Non-authentic,IMG_5220.MOV,non-RU,"The Matryoshka doll in the image is a small, pink, and white Russian-style doll, known as a ""Semenovka."" It is part of a family set of dolls, which are typically made in Russia and are known for their intricate details and vibrant colors. The doll is adorned with a small flower and has a pink and white color scheme, which is characteristic of the Semenovka style. The doll's small size and delicate features make it a popular choice for collectors and enthusiasts of Russian folk art."
/content/drive/MyDrive/Matreskas/Videos/Non-authentic/IMG_5290.MOV,Non-authentic,IMG_5290.MOV,non-RU,"The Matryoshka doll in the image is a vibrant, multi-colored set of nested dolls, typically found in Russian culture. It features a yellow head with red and black accents, and is adorned with intricate floral patterns. The dolls are crafted with a traditional Russian style, often used in gift sets or as decorative items. The set is designed to be stacked, with each doll nested inside the one below, creating a unique and charming appearance."
/content/drive/MyDrive/Matreskas/Videos/Non-authentic/IMG_5291.MOV,Non-authentic,IMG_5291.MOV,non-RU,"The Matryoshka doll in the image is a vibrant, multi-colored set of nested dolls, typically found in Russian culture. It features a yellow head with a purple and yellow body, and a pink dress with a red and yellow pattern. The doll is crafted with a traditional Russian style, often used in cultural events and as a symbol of family unity."
/content/drive/MyDrive/Matreskas/Videos/Non-authentic/IMG_5292.MOV,Non-authentic,IMG_5292.MOV,non-RU,"The Matryoshka doll in the image is a vibrant, multi-colored set of nested dolls, typically found in Russian culture. It features a smiling face with a red nose and yellow cheeks, and is crafted from wood. The dolls are stacked inside each other, with the smallest at the top and the largest at the bottom. The craftsmanship suggests a traditional Russian school of Matryoshka dolls, known for their intricate details and vibrant colors."
/content/drive/MyDrive/Matreskas/Videos/Non-authentic/IMG_5298.MOV,Non-authentic,IMG_5298.MOV,non-RU,"The Matryoshka doll in the image is a vibrant yellow one, adorned with colorful floral patterns. It is part of a set, likely a family or group, as indicated by its distinctive design and the presence of other similar dolls in the background. The style is reminiscent of traditional Russian Matryoshka dolls, which are known for their intricate craftsmanship and colorful designs. The doll's vibrant colors and detailed patterns suggest it is a high-quality piece, possibly made by a skilled artisan."
/content/drive/MyDrive/Matreskas/Videos/Non-authentic/IMG_5299.MOV,Non-authentic,IMG_5299.MOV,non-RU,"The yellow Matryoshka doll features a tiger design with black stripes and a green eye, placed on a white circular base. It is part of a set of dolls, possibly a traditional Russian nesting doll, known for its intricate craftsmanship and vibrant colors. The doll's design suggests it might be from a specific school of Matryoshka craftsmanship, possibly from the Russian region of Siberia."
/content/drive/MyDrive/Matreskas/Videos/Non-authentic/IMG_5403.MOV,Non-authentic,IMG_5403.MOV,non-RU,"The Matryoshka doll in the image is a vibrant pink and black version with a playful design featuring a cartoonish face. It is part of a set, likely a family or a collection, given its distinctive style and the presence of other similar dolls in the background. The doll's design suggests it might be inspired by traditional Russian nesting dolls, known for their intricate patterns and vibrant colors. The overall aesthetic is whimsical and charming, making it suitable for both decorative and functional purposes in a home setting."
/content/drive/MyDrive/Matreskas/Videos/Non-authentic/IMG_5407.MOV,Non-authentic,IMG_5407.MOV,non-RU,"The Matryoshka doll in the image is a vibrant orange and black version of a traditional Russian nesting doll. It features a playful design with a cartoonish face and a yellow flower, and it is placed on a white base. The doll is part of a larger set, as indicated by its positioning on a stand, which is typical for nesting dolls. The overall style is reminiscent of traditional Russian folk art, with a focus on vibrant colors and playful designs."
/content/drive/MyDrive/Matreskas/Videos/Non-authentic/IMG_5410.MOV,Non-authentic,IMG_5410.MOV,non-RU,"The yellow Matryoshka doll with a green stripe and a cartoonish face is part of a set of dolls, likely from Russia, known as the ""Siberian"" or ""Soviet"" style. It features a playful design with a smiling face and is typically used as a decorative item or a collectible."
/content/drive/MyDrive/Matreskas/Videos/Political/IMG_4799.MOV,Political,IMG_4799.MOV,non-RU,"The Matryoshka doll in the image is a traditional Russian nesting doll, known as a ""Matrioshka."" It is made of wood and painted with intricate designs. The doll features a dark brown head with a face painted in bright colors, including red, blue, and yellow. The top of the head is adorned with a pattern that includes a floral design. The doll is mounted on a white base, and it is spinning on a white stand. The overall style is reminiscent of the Russian folk art, with a focus on detailed craftsmanship and vibrant colors."
/content/drive/MyDrive/Matreskas/Videos/Political/IMG_4802.MOV,Political,IMG_4802.MOV,non-RU,"The Matryoshka doll in the image is a traditional Russian nesting doll, known as a ""Matrioshka."" It is a set of nested dolls, each smaller than the one inside, with a unique design and color scheme. The doll in the image features a cartoonish face with exaggerated features, such as large eyes and a wide smile. The craftsmanship suggests a traditional Russian style, possibly from the Soviet era, where such dolls were popular as souvenirs. The doll is made of wood and painted with vibrant colors, and it is displayed on a white stand."
/content/drive/MyDrive/Matreskas/Videos/Political/IMG_4803.MOV,Political,IMG_4803.MOV,non-RU,"The Matryoshka doll in the image is a traditional Russian nesting doll, known as a Matryoshka. It is a set of nested dolls, each smaller than the one inside, with a unique design and color. The doll in the image is black with a gold-colored face and features a traditional Russian symbol, possibly a bear or a fish, on its forehead. The doll is placed on a white background, and its design is intricate, with detailed facial features and a sense of depth. The overall style is reminiscent of Russian folk art, and the doll is likely part of a larger set of nesting dolls, which are often"
/content/drive/MyDrive/Matreskas/Videos/Political/IMG_4804.MOV,Political,IMG_4804.MOV,non-RU,"The Matryoshka doll in the image is a traditional Russian nesting doll, known as a Matryoshka. It is made of wood and painted in black and brown colors. The doll features a face with a serious expression, and it is placed on a white circular base. The overall design is simple yet elegant, with a focus on the intricate details of the face and the craftsmanship of the wood. The doll is part of a family set, which typically includes multiple dolls nested inside each other, each with a different face and style. The family set is often used as a decorative item or a collectible, representing the cultural heritage"
/content/drive/MyDrive/Matreskas/Videos/Political/IMG_4805.MOV,Political,IMG_4805.MOV,non-RU,"The Matryoshka doll in the image is a traditional Russian nesting doll, known as a ""Matrioshka."" It is crafted from wood and painted with intricate designs, featuring a face with detailed features and a traditional Russian hat. The doll is placed on a white circular base, which is part of a larger set of dolls, suggesting it is part of a family or collection. The craftsmanship indicates a high level of detail and skill, typical of Russian Matryoshka dolls, which are often used as souvenirs or gifts."
/content/drive/MyDrive/Matreskas/Videos/Religious/IMG_4792.MOV,Religious,IMG_4792.MOV,RU,"The Matryoshka doll in the image is a vibrant red and gold example, showcasing intricate designs and vibrant colors. It is part of a set, likely a family or traditional Russian Matryoshka doll, known for its nested dolls within a larger doll. The doll's design and craftsmanship suggest it is of high quality, possibly from a specific school of Matryoshka artistry."
/content/drive/MyDrive/Matreskas/Videos/Religious/IMG_4793.MOV,Religious,IMG_4793.MOV,RU,"The Matryoshka doll in the image is a traditional Russian nesting doll, known as a ""Matrioshka."" It is a set of nested dolls, each one smaller than the one above, with a unique design and color scheme. The doll in the image features a religious icon, likely depicting a saint, and is crafted with a glossy finish. The design is intricate, with detailed artwork on the top half, and the bottom half is plain. The doll is placed on a white pedestal, and the background is a simple white wall, highlighting the doll's vibrant colors and intricate details."
/content/drive/MyDrive/Matreskas/Videos/Religious/IMG_4794.MOV,Religious,IMG_4794.MOV,RU,"The Matryoshka doll in the image is a traditional Russian nesting doll, known as a ""Matrioshka."" It is crafted from wood and features a glossy, amber-colored finish. The doll is designed with intricate details, including a face and a golden, glittery top, which is characteristic of the Russian school of Matryoshka dolls. The doll is placed on a white pedestal, which contrasts with the wooden texture of the doll. The overall design and craftsmanship suggest that it is an authentic piece, likely made in Russia."
/content/drive/MyDrive/Matreskas/Videos/Religious/IMG_4796.MOV,Religious,IMG_4796.MOV,RU,"The Matryoshka doll in the image is a traditional Russian nesting doll, known as a ""Matrioshka."" It is crafted from wood and painted with intricate designs, including a religious icon. The doll is designed to be stacked, with each layer depicting a smaller version of the previous one. The specific style and craftsmanship suggest it is from the Russian school of Matryoshka dolls, which are known for their detailed and symbolic designs."
/content/drive/MyDrive/Matreskas/Videos/Religious/IMG_4797.MOV,Religious,IMG_4797.MOV,RU,"The Matryoshka doll in the image is a traditional Russian nesting doll, known as a ""Matrioshka."" It is crafted from wood and painted with intricate designs, including a prominent face and a gold ribbon. The doll is designed to be stacked, with each layer being smaller than the one beneath it, creating a sense of depth and complexity. The doll is placed on a white base, which is part of the set, and it is spinning on a white platform. The overall style is reminiscent of the Russian folk art, with a focus on detailed craftsmanship and vibrant colors."
/content/drive/MyDrive/Matreskas/Videos/Religious/IMG_4798.MOV,Religious,IMG_4798.MOV,RU,"The Matryoshka doll in the image is a traditional Russian nesting doll, known as a ""Matrioshka."" It is crafted from wood and painted with vibrant colors and intricate designs. The doll is adorned with gold and red accents, giving it a festive and decorative appearance. It is part of a set of dolls, which are typically used in Russian folk art and are often given as gifts during holidays and celebrations. The doll's design and craftsmanship suggest it is of high quality and authentic, reflecting the cultural significance of Matryoshka dolls in Russian folklore and art."
/content/drive/MyDrive/Matreskas/Videos/Religious/IMG_4806.MOV,Religious,IMG_4806.MOV,RU,"The Matryoshka doll in the image is a traditional Russian nesting doll, known as a ""Matrioshka."" It is a set of nested dolls, each smaller than the one inside, with a unique design and color scheme. The doll in the image is painted with a dark background and gold accents, featuring a scene that appears to be a religious or mythological narrative. The dolls are crafted with a high level of detail and craftsmanship, reflecting the cultural and artistic traditions of Russia."
/content/drive/MyDrive/Matreskas/Videos/Religious/IMG_4807.MOV,Religious,IMG_4807.MOV,RU,"The Matryoshka doll in the image is a traditional Russian nesting doll, known as a ""Matrioshka."" It is crafted from wood and painted with intricate designs, including a dragon and floral patterns. The doll is black with gold accents and features a circular base. It is part of a set of dolls, which are typically used as souvenirs or gifts. The craftsmanship suggests it is of a specific school of Matryoshka dolls, possibly from the Russian Federation or Eastern Europe."
/content/drive/MyDrive/Matreskas/Videos/Religious/IMG_4809.MOV,Religious,IMG_4809.MOV,RU,"The Matryoshka doll in the image is a traditional Russian nesting doll, known as a ""Matrioshka."" It is crafted from wood and painted with intricate designs, featuring a central figure of a woman. The doll is designed to be stacked, with each layer depicting a different scene or character, creating a captivating visual experience. The craftsmanship is meticulous, with attention to detail in the painting and the construction of the doll. This particular doll is part of a family set, which typically includes multiple dolls nested within each other, each with its own unique design and story."
/content/drive/MyDrive/Matreskas/Videos/Religious/IMG_4811.MOV,Religious,IMG_4811.MOV,RU,"The Matryoshka doll in the image is a traditional Russian nesting doll, known as a ""Matrioshka."" It is crafted from wood and painted with intricate designs, primarily in black and gold. The doll is designed to be stacked, with each layer being smaller than the one beneath it, creating a sense of depth and complexity. The doll is placed on a white surface with a white circle in the background, which helps to highlight its intricate patterns and craftsmanship. The overall style is reminiscent of Russian folk art, with a focus on detailed hand-painted decorations."
/content/drive/MyDrive/Matreskas/Videos/Religious/IMG_4815.MOV,Religious,IMG_4815.MOV,RU,"The Matryoshka doll in the set is a traditional Russian nesting doll, known for its intricate craftsmanship and vibrant colors. It features a distinctive design with a golden and brown pattern, and is crafted from wood. The doll is placed on a white surface with a white background, creating a striking contrast. The overall style is classic and timeless, reflecting the cultural heritage of Russian folk art."
/content/drive/MyDrive/Matreskas/Videos/Russian_Authentic/IMG_4787.MOV,Russian_Authentic,IMG_4787.MOV,RU,"The Matryoshka doll in the set is a vibrant green one with a floral design, featuring a pink flower at the top. It is placed on a white circular base, which is part of a larger set of dolls. The doll's design is reminiscent of traditional Russian Matryoshka dolls, known for their intricate hand-painted details and vibrant colors. The overall set appears to be a family or group of dolls, possibly representing a cultural or historical theme."
/content/drive/MyDrive/Matreskas/Videos/Russian_Authentic/IMG_4789.MOV,Russian_Authentic,IMG_4789.MOV,RU,"The Matryoshka doll in the image is a traditional Russian nesting doll, known as a ""Matrioshka."" It is a set of nested dolls, each smaller than the one inside, with a unique design and color scheme. The doll in the image is painted with a floral pattern and features a red face with a yellow nose and mouth. The craftsmanship suggests it is of a specific school of Matryoshka dolls, possibly from the Russian Federation or Eastern Europe, known for their intricate and detailed designs."
/content/drive/MyDrive/Matreskas/Videos/Russian_Authentic/IMG_4791.MOV,Russian_Authentic,IMG_4791.MOV,RU,"The Matryoshka doll in the image is a vibrant example of traditional Russian folk art. It features a red top with intricate floral and geometric designs, painted in a vivid palette of red, yellow, green, and black. The doll is designed to be stacked, with each layer depicting a different scene or character, creating a captivating visual experience. The craftsmanship is meticulous, with attention to detail in the intricate patterns and the use of vibrant colors. This particular doll is likely part of a larger set, showcasing the artistic and cultural heritage of Russian folk art."
/content/drive/MyDrive/Matreskas/Videos/Russian_Authentic/IMG_5109.MOV,Russian_Authentic,IMG_5109.MOV,RU,"The Matryoshka doll in the image is a vibrant, colorful example of a traditional Russian nesting doll. It features a distinctive, stylized design with a mix of bright colors and intricate patterns. The doll is mounted on a white base, and it appears to be turned on, casting a warm glow. The overall aesthetic is playful and charming, with a focus on vibrant colors and detailed craftsmanship."
/content/drive/MyDrive/Matreskas/Videos/Russian_Authentic/IMG_5114.MOV,Russian_Authentic,IMG_5114.MOV,RU,"The Matryoshka doll in the image is a vibrant red one, adorned with intricate floral patterns. It is part of a set, likely a family or a collection, given its uniformity in design and color. The doll's craftsmanship suggests it might be from a specific school of Matryoshka art, possibly Russian, known for its detailed and colorful designs. The overall aesthetic is traditional and festive, often associated with Russian culture and folklore."
/content/drive/MyDrive/Matreskas/Videos/Russian_Authentic/IMG_5117.MOV,Russian_Authentic,IMG_5117.MOV,RU,"The Matryoshka doll in the image is a vibrant red one, adorned with intricate floral patterns and a golden crown. It is part of a set, likely a family or a collection, given its similar design and style. The doll is placed on a white circular base, which is a common feature in many Matryoshka sets. The overall design suggests a traditional, possibly Russian, craftsmanship, with a focus on detailed hand-painted decorations."
/content/drive/MyDrive/Matreskas/Videos/Russian_Authentic/IMG_5118.MOV,Russian_Authentic,IMG_5118.MOV,RU,"The Matryoshka doll in the image is a vibrant red one with a floral pattern, standing upright on a white cylinder. It is part of a set of dolls, likely a traditional Russian Matryoshka, known for its nested structure where each doll is smaller than the one beneath. The craftsmanship suggests a school of Matryoshka dolls from Russia, known for their intricate details and vibrant colors."
/content/drive/MyDrive/Matreskas/Videos/Russian_Authentic/IMG_5120.MOV,Russian_Authentic,IMG_5120.MOV,RU,"The Matryoshka doll in the image is a small, red and green painted version of the traditional Russian nesting doll. It is placed on a white circular base, which is part of a larger set of dolls. The doll is designed with a small head, a larger torso, and a smaller head at the top, creating a nested effect. The craftsmanship suggests it is a traditional Russian school of Matryoshka dolls, known for their intricate detailing and vibrant colors."
/content/drive/MyDrive/Matreskas/Videos/Russian_Authentic/IMG_5133.MOV,Russian_Authentic,IMG_5133.MOV,RU,"The Matryoshka doll in the image is a vibrant example of traditional Russian folk art. It features a red and black color scheme with intricate floral and geometric designs. The doll is crafted with a glossy finish, giving it a polished and elegant appearance. The design is reminiscent of the traditional Russian nesting dolls, which are known for their intricate patterns and vibrant colors. The doll is mounted on a white circular base, which contrasts with the vibrant colors of the doll."
/content/drive/MyDrive/Matreskas/Videos/Russian_Authentic/IMG_5134.MOV,Russian_Authentic,IMG_5134.MOV,RU,"The Matryoshka doll in the image is a vibrant example of traditional Russian folk art. It features a red and black body adorned with intricate floral and geometric designs, painted in a vivid palette of red, yellow, and green. The doll is mounted on a white circular base, which contrasts with the vibrant colors of the doll. The overall design is symmetrical and balanced, with the doll's head resting on a small, round base, adding to the doll's traditional aesthetic. The craftsmanship suggests a high level of detail and skill, characteristic of Russian Matryoshka dolls, which are known for their intricate patterns and vibrant colors."
/content/drive/MyDrive/Matreskas/Videos/Russian_Authentic/IMG_5135.MOV,Russian_Authentic,IMG_5135.MOV,RU,"The Matryoshka doll in the image is a vibrant example of traditional Russian folk art. It features a colorful design with intricate patterns and vibrant colors, including red, black, and yellow. The doll is crafted with a glossy finish, giving it a polished and elegant appearance. It is positioned on a white circular base, which contrasts with the colorful design of the doll. The overall style of the Matryoshka is reminiscent of the Russian Nesting Dolls, which are known for their intricate and detailed craftsmanship."
/content/drive/MyDrive/Matreskas/Videos/Russian_Authentic/IMG_5138.MOV,Russian_Authentic,IMG_5138.MOV,RU,"The Matryoshka doll in the image is a traditional Russian nesting doll, known as a Matryoshka. It is made of wood and painted with vibrant colors, including green, yellow, and orange. The doll is designed to be a part of a larger set, which typically includes several nested dolls, each smaller than the one beneath it. The specific style and craftsmanship suggest it is from the Russian school of Matryoshka dolls, which have been popular for centuries and are often used in cultural events and as souvenirs."
/content/drive/MyDrive/Matreskas/Videos/Russian_Authentic/IMG_5152.MOV,Russian_Authentic,IMG_5152.MOV,RU,"The Matryoshka doll in the image is a vibrant example of traditional Russian folk art. It features a colorful design with floral patterns and is crafted from wood, showcasing intricate hand-painted details. The doll is part of a set, likely representing a family or a group of dolls, as indicated by its placement on a white pedestal. The craftsmanship suggests a high level of skill and attention to detail, reflecting the cultural heritage of Russian folk art."
/content/drive/MyDrive/Matreskas/Videos/Russian_Authentic/IMG_5153.MOV,Russian_Authentic,IMG_5153.MOV,RU,"The Matryoshka doll in the image is a vibrant, colorful example of a traditional Russian nesting doll. It features a blue and white design with floral patterns, and it is crafted with a glossy finish. The doll is part of a set, likely a family or a collection, as it is nested within a larger, white cylinder. The craftsmanship suggests it is of high quality, possibly from a specific school of Matryoshka dolls known for its intricate detailing and vibrant colors."
/content/drive/MyDrive/Matreskas/Videos/Russian_Authentic/IMG_5154.MOV,Russian_Authentic,IMG_5154.MOV,RU,"The Matryoshka doll in the image is a colorful, traditional Russian nesting doll, often referred to as a ""Matrioshka."" It is a set of nested dolls, with each doll inside the one below it, creating a larger doll within a smaller one. The doll in the image is painted with vibrant colors and intricate patterns, showcasing the craftsmanship and artistic skills of Russian Matryoshka dolls. The doll is placed on a white base, which is a common feature in many Matryoshka sets."
/content/drive/MyDrive/Matreskas/Videos/Russian_Authentic/IMG_5155.MOV,Russian_Authentic,IMG_5155.MOV,RU,"The Matryoshka doll in the image is a vibrant example of traditional Russian folk art. It features a blue and black color scheme with intricate floral patterns and small white dots, giving it a charming and playful appearance. The doll is designed to be a part of a larger set, as indicated by its placement on a circular base, which is typical for such dolls. The craftsmanship suggests a school of Matryoshka dolls that emphasizes detailed and colorful designs, often found in Russian folk art traditions."
/content/drive/MyDrive/Matreskas/Videos/Russian_Authentic/IMG_5157.MOV,Russian_Authentic,IMG_5157.MOV,RU,"The Matryoshka doll in the image is a small, intricate piece of art. It features a blue and gold color scheme with a gold-colored top and a blue base. The doll is designed with a small, round head and a long, slender neck, which is characteristic of the traditional Russian Matryoshka dolls. The doll is likely part of a family set, as it is small and delicate, suggesting it is a collectible item rather than a functional one. The craftsmanship and attention to detail in the doll's design indicate it is likely authentic, as Matryoshka dolls are known for their intricate and detailed craftsmanship."
/content/drive/MyDrive/Matreskas/Videos/Russian_Authentic/IMG_5158.MOV,Russian_Authentic,IMG_5158.MOV,RU,"The Matryoshka doll in the image is a small, intricately painted example, likely from the Russian school of Matryoshka craftsmanship. It features a blue and black color scheme with polka dots, and its design is simple yet detailed, showcasing the traditional artistry of the Russian doll. This particular doll is part of a family set, as indicated by its placement within a larger, circular base, which is typical for such collections. The overall aesthetic is delicate and charming, reflecting the cultural heritage of Russian folk art."
/content/drive/MyDrive/Matreskas/Videos/Russian_Authentic/IMG_5159.MOV,Russian_Authentic,IMG_5159.MOV,RU,"The Matryoshka doll in the image is a small, red and yellow polka-dotted version of the traditional Russian doll, known as a ""Semenovka."" It is part of a set of dolls, which are typically made in Russia and are known for their intricate details and vibrant colors. The doll is positioned on a white circular base, and its small size makes it a charming addition to any collection."
/content/drive/MyDrive/Matreskas/Videos/Russian_Authentic/IMG_5160.MOV,Russian_Authentic,IMG_5160.MOV,RU,"The Matryoshka doll in the image is a small, colorful, and intricately designed toy. It is a part of a set of dolls, which are known for their intricate craftsmanship and vibrant colors. The doll is red and blue with white dots, and it is positioned on a white circular base. The overall style of the Matryoshka dolls is reminiscent of traditional Russian folk art, often featuring small, colorful figures that can be stacked inside each other. The doll's design suggests it is part of a larger set, possibly a family or a collection of dolls, which are popular in Russia and other Eastern European countries."
/content/drive/MyDrive/Matreskas/Videos/Russian_Authentic/IMG_5161.MOV,Russian_Authentic,IMG_5161.MOV,RU,"The Matryoshka doll in the image is a vibrant red and blue one, with a traditional Russian design. It is part of a set of dolls, which are typically made in Russia and are known for their intricate craftsmanship and colorful designs. The doll is positioned on a white circular base, and it is spinning, showcasing its detailed features and vibrant colors."
/content/drive/MyDrive/Matreskas/Videos/Russian_Authentic/IMG_5162.MOV,Russian_Authentic,IMG_5162.MOV,RU,"The Matryoshka doll in the image is a vibrant, colorful example of a traditional Russian nesting doll. It features a red and blue design with intricate patterns and is crafted from wood. The doll is part of a set, likely a family or a collection, as it is nested within another doll, which is also colorful and detailed. The overall style is reminiscent of traditional Russian folk art, with a focus on vibrant colors and intricate patterns."
/content/drive/MyDrive/Matreskas/Videos/Russian_Authentic/IMG_5163.MOV,Russian_Authentic,IMG_5163.MOV,RU,"The Matryoshka doll in the image is a vibrant, colorful example of a traditional Russian nesting doll. It features a red and blue design with floral patterns and is adorned with small, intricate details. The doll is crafted with a glossy finish, giving it a shiny and polished appearance. It is part of a set of dolls, likely a family or group, known for their intricate craftsmanship and cultural significance. The doll's design and craftsmanship suggest it is authentic, reflecting the traditional artistry of Russian nesting dolls."
/content/drive/MyDrive/Matreskas/Videos/Russian_Authentic/IMG_5164.MOV,Russian_Authentic,IMG_5164.MOV,RU,"The Matryoshka doll in the image is a vibrant, colorful Russian nesting doll, typically found in the Russian Federation. It features a traditional design with a red top and blue bottom, adorned with floral patterns and small white dots. The doll is crafted from wood and painted with intricate details, showcasing the craftsmanship of Russian Matryoshka dolls, which are known for their intricate and detailed designs. The doll is mounted on a white base, and it is spinning, showcasing its vibrant colors and intricate patterns."
/content/drive/MyDrive/Matreskas/Videos/Russian_Authentic/IMG_5188.MOV,Russian_Authentic,IMG_5188.MOV,RU,"The Matryoshka doll in the image is a vibrant example of traditional Russian folk art. It features a red cap adorned with intricate floral patterns, and the body is painted with a colorful design that includes flowers and possibly a face. The doll is placed on a white base, which contrasts with the vibrant colors of the doll. The overall style is reminiscent of the Russian Nesting Dolls, which are known for their intricate designs and vibrant colors. The doll appears to be a part of a larger set, possibly a family or a collection, given its placement on the white base."
/content/drive/MyDrive/Matreskas/Videos/Russian_Authentic/IMG_5189.MOV,Russian_Authentic,IMG_5189.MOV,RU,"The Matryoshka doll in the image is a vibrant example of traditional Russian doll making, characterized by its bright colors and intricate designs. It is a part of a larger set, likely a family or group of dolls, known as a ""matryoshka"" set. These dolls are often used as souvenirs or collectibles, representing a cultural and historical significance in Russia. The doll in the image is a small member of the set, showcasing its unique design and craftsmanship."
/content/drive/MyDrive/Matreskas/Videos/Russian_Authentic/IMG_5190.MOV,Russian_Authentic,IMG_5190.MOV,RU,"The Matryoshka doll in the image is a vibrant red and yellow version, featuring a traditional Russian design with a red face and yellow body. It is part of a set of dolls, likely a family set, given its distinctive red and yellow color scheme and the presence of other similar dolls in the background. The style is reminiscent of traditional Russian Matryoshka dolls, which are known for their intricate detailing and vibrant colors. The doll's design and craftsmanship suggest it is authentic, reflecting the cultural and artistic traditions of Russia."
/content/drive/MyDrive/Matreskas/Videos/Russian_Authentic/IMG_5191.MOV,Russian_Authentic,IMG_5191.MOV,RU,"The Matryoshka doll in the image is a vibrant red and yellow Russian nesting doll, known for its intricate patterns and vibrant colors. It is part of a set of dolls, which are typically crafted in Russia and are known for their detailed craftsmanship and vibrant colors. The doll is designed to be stacked, with each doll inside the one above it, creating a unique and captivating display."
/content/drive/MyDrive/Matreskas/Videos/Russian_Authentic/IMG_5192.MOV,Russian_Authentic,IMG_5192.MOV,RU,"The Matryoshka doll in the image is a vibrant red and yellow version, featuring a traditional Russian design. It is a part of a set of dolls, likely a family set, given its distinctive appearance and the presence of other dolls in the background. The style is reminiscent of traditional Russian Matryoshka dolls, which are known for their intricate detailing and vibrant colors. The doll's design suggests it might be from a specific school of Matryoshka craftsmanship, possibly from Russia or Eastern Europe."
/content/drive/MyDrive/Matreskas/Videos/Russian_Authentic/IMG_5207.MOV,Russian_Authentic,IMG_5207.MOV,RU,"The Matryoshka doll in the image is a vibrant green and red Russian nesting doll, known as a ""Matrioshka."" It is a traditional Russian toy that consists of a central doll, which is smaller than the one on top, and each doll is smaller than the one above it. The doll in the image is painted with a colorful floral pattern, and it is placed on a white base, which is a common feature in many Russian nesting dolls. The doll's design and vibrant colors suggest it is a collectible item, often used as a decorative piece or a gift."
/content/drive/MyDrive/Matreskas/Videos/Russian_Authentic/IMG_5208.MOV,Russian_Authentic,IMG_5208.MOV,RU,"The Matryoshka doll in the image is a vibrant green and yellow one, featuring a traditional Russian style with intricate patterns and colorful designs. It is part of a set, likely a family or group, as indicated by its uniformity in design and color. The doll's craftsmanship suggests it is of authentic Russian origin, possibly from a school of Matryoshka dolls known for its vibrant colors and detailed patterns."
/content/drive/MyDrive/Matreskas/Videos/Russian_Authentic/IMG_5209.MOV,Russian_Authentic,IMG_5209.MOV,RU,"The Matryoshka doll in the image is a vibrant example of traditional Russian folk art. It features a colorful, hand-painted design with a green and yellow base, adorned with intricate patterns and floral motifs. The doll is crafted with a glossy finish, giving it a polished and elegant appearance. It is part of a larger set, as indicated by its placement on a white base, which is typical for such dolls. The overall style is reminiscent of the Russian Nesting Dolls, which are known for their intricate designs and vibrant colors."
/content/drive/MyDrive/Matreskas/Videos/Russian_Authentic/IMG_5210.MOV,Russian_Authentic,IMG_5210.MOV,RU,"The Matryoshka doll in the image is a vibrant example of the Russian nesting doll tradition. It features a colorful design with black, green, and yellow patterns, and is crafted with a glossy finish. The doll is positioned on a white circular base, which contrasts with its vibrant colors. The overall design suggests a traditional, possibly Eastern European, style of Matryoshka craftsmanship."
/content/drive/MyDrive/Matreskas/Videos/Russian_Authentic/IMG_5211.MOV,Russian_Authentic,IMG_5211.MOV,RU,"The Matryoshka doll in the image is a vibrant, colorful example of the traditional Russian nesting doll. It features a green and red patterned body with a green top and a red bottom, and is adorned with small, colorful beads. The doll is part of a set, likely a family or group, as it is nested within another, smaller doll. The craftsmanship suggests it is of authentic Russian origin, possibly from the school of Matryoshka dolls known for their intricate and detailed designs."
/content/drive/MyDrive/Matreskas/Videos/Russian_Authentic/IMG_5306.MOV,Russian_Authentic,IMG_5306.MOV,RU,"The Matryoshka doll in the image is a small, red, and yellow Russian nesting doll, also known as a babushka. It is a traditional toy that consists of a central figure, which is smaller than the one on top, and each doll is smaller than the one above it. The doll in the image is a small, red, and yellow babushka, which is a common style in Russian nesting dolls. It is a part of a family set of dolls, which are often used as souvenirs or gifts."
/content/drive/MyDrive/Matreskas/Videos/Russian_Authentic/IMG_5367.MOV,Russian_Authentic,IMG_5367.MOV,RU,"The Matryoshka doll in the image is a traditional Russian nesting doll, known as a ""Matrioshka."" It is a set of nested dolls, each smaller than the one inside, with intricate patterns and designs. The doll in the image is a beige color with blue and black accents, and it is placed on a white base. The doll is spinning, and it appears to be part of a larger set, possibly a family or school of dolls, given its distinctive design and the way it is nested."
/content/drive/MyDrive/Matreskas/Videos/Russian_Authentic/IMG_5368.MOV,Russian_Authentic,IMG_5368.MOV,RU,"The Matryoshka doll in the video is a traditional Russian nesting doll, known for its intricate designs and vibrant colors. It is part of a set of dolls, which are often used as souvenirs or gifts. The doll in the video is spinning, showcasing its detailed craftsmanship and vibrant colors."
/content/drive/MyDrive/Matreskas/Videos/Russian_Authentic/IMG_5369.MOV,Russian_Authentic,IMG_5369.MOV,RU,"The Matryoshka doll in the image is a traditional Russian nesting doll, known as a ""Matrioshka."" It is crafted from wood and painted with intricate designs, including floral patterns and blue accents. The doll is designed to be hollow, allowing it to be filled with small dolls, which are then filled with even smaller dolls, creating a nested effect. This particular doll is a classic example of the Russian Matryoshka tradition, which has been passed down through generations and is often used as a symbol of family and heritage."
/content/drive/MyDrive/Matreskas/Videos/Russian_Authentic/IMG_5371.MOV,Russian_Authentic,IMG_5371.MOV,RU,"The Matryoshka doll in the image is a traditional Russian nesting doll, known as a Matryoshka. It is made of wood and painted with intricate designs, featuring a face with blue eyes and a brown hairdo. The doll is spinning on a white cylinder, showcasing its detailed craftsmanship and vibrant colors. This particular doll is part of a set, as indicated by its positioning on a larger cylinder, suggesting it is part of a larger family of nesting dolls. The craftsmanship and design suggest it is of authentic Russian origin, possibly from the school of Matryoshka dolls known for their detailed and intricate designs."
/content/drive/MyDrive/Matreskas/Videos/Russian_Authentic/IMG_5372.MOV,Russian_Authentic,IMG_5372.MOV,RU,"The Matryoshka doll in the image is a traditional Russian nesting doll, known as a Matryoshka. It is a set of dolls that are nested inside each other, with the smallest doll at the top and the largest at the bottom. The doll in the image is a small one, likely representing a child or a baby, and it is the smallest in the set. The craftsmanship suggests it is of Russian origin, possibly from the Moscow region, and it is a part of the traditional Matryoshka doll tradition."
